id,name,rank,rankPoints,wins,games,winRatio,averageDamage,kills,killDeathRatio,averageRank,grade
account.3f79c50389bc43c5ad934d3d70adf1c2,Twitch_todol,1,7724,397,1789,0.22191168,397,6062,4.348637,20.387926,1
account.b595b519e3a24a4ca9913f7b48905a77,twitch_Mongtenna,2,7386,305,1786,0.17077267,401,6037,4.0680594,25.385778,1
account.dd94e8c15eac442a8954c4dd1375dae9,eeeeeeeeeeeeeeQ,3,7152,268,1178,0.22750424,310,3143,3.446272,14.943973,1
account.f856ae9ed09e44aba7afb7c98f6a0baf,QQMQQ_,4,7026,354,830,0.426506,601,4466,9.304167,9.912048,1
account.ce37497cea794b8b9df7334aa5cc1d29,CSkiller-007,5,7001,157,1282,0.122464895,343,3619,3.216889,20.841654,1
account.38aeda2df88a4423a2172f33bed3de68,mdy908713,6,6942,102,1905,0.053543307,266,4041,2.2387812,38.967453,1
account.cb6af943e4ec427e93e21b68f51da378,Qun-376023803-fz,7,6939,358,992,0.3608871,373,3022,4.7292643,13.910282,1
account.7c8dc4e801db48e59e9b54ebf7ffe698,huya-10291639,8,6900,185,1185,0.15611814,412,4195,4.1824527,25.849789,1
account.d7e6ca9144be48449e2e2f9e5f07e294,Kemal_SunaL,9,6880,97,1381,0.070238955,273,2958,2.2983682,30.501085,1
account.52aa8c14e05c45eea359fe62c619fc71,2218854316yy,10,6874,63,1311,0.04805492,107,1120,0.89671737,15.980167,1
account.d51dd55fab8f4bc6bcb6e648232b1df0,kesinisb,11,6870,63,1969,0.031995937,297,4418,2.3179433,43.03555,1
account.a50bec063c7d4bf0b0f9ec87cef9f68f,DouYu--6346455,12,6815,189,1347,0.1403118,390,4451,3.843696,34.86266,1
account.1d61584f5c81434ba4d5344d55a55b9f,edisonxianfeng,13,6746,156,841,0.18549345,298,1894,2.7569141,16.48157,1
account.c2da0efb32654edeab6b7fbacdd1b7ab,IMBatMan-Lxy,14,6746,6,3247,0.0018478596,130,3548,1.0947238,51.188175,1
account.dd29b1eb04ed47d79081167ebfacad1e,thenajat,15,6724,66,1587,0.0415879,226,2947,1.9349967,36.977314,1
account.8833c74411ce4fbda0b357380a6c6760,Neeeeeeeeeeeee,16,6705,63,1407,0.04477612,308,4079,3.0304606,38.060413,1
account.de1227b7eaaf42d7aaed1861450de71d,ninggang1976,17,6695,3,2066,0.0014520814,126,1720,0.83373725,35.612778,1
account.1f6d2128c4b342cfa2b1bbe22cb00015,Min-m4a1,18,6679,112,1471,0.07613868,321,4077,3.0,38.725357,1
account.a0f26b340f774cc684c69ba28c16806b,GIA7777777,19,6676,129,1273,0.10133543,339,3685,3.2127287,38.32993,1
account.f034b7d1574b410d88a187e3060ed82e,Ray2022,20,6676,22,4326,0.0050855293,151,5408,1.2562137,55.257282,1
account.80ae1f45a1ba4ad88927cffe3f24ec48,AICHI-PUTAO,21,6672,73,1544,0.047279794,283,3429,2.3294837,35.99158,1
account.4038c3dd77de408dbfcbe747bcc89ca7,longshadadui,22,6613,39,1342,0.029061103,218,2022,1.5518036,29.526081,1
account.257184f365594932a079ab0f451f406d,carima,23,6612,58,1367,0.042428676,258,2783,2.122807,38.427944,1
account.8f733b5eac6a444eb1244a5be50372e3,Ha_noJI_4apJIuka,24,6587,54,1319,0.040940106,281,2824,2.2306478,34.597424,1
account.d7c78b929a0f4da5a3e4260e3bc8242f,meiyumuxiaoOvO,25,6566,157,1463,0.10731374,406,5093,3.8907564,48.062885,1
account.a2465801e62143b3b1fca6cd29949889,NJHunter,26,6561,104,888,0.117117114,323,2356,3.0051022,26.021397,1
account.e555200a46ce435aa58a29d5f3c6101c,LZY-111022,27,6529,22,1446,0.0152143845,127,1463,1.0273876,28.516598,1
account.336af7f6f0344dbc8c35516a74cbed14,laochazatan,28,6521,46,996,0.046184737,194,1441,1.5136554,25.567268,1
account.a6c675475dd54cdea0daacc0cb755076,sitty159,29,6506,22,1697,0.012964054,128,1711,1.0208831,39.66942,1
account.c6223ded1db645719bda1db71a03bde6,NeiHanTVppx,30,6501,47,993,0.04733132,252,1884,1.9894403,29.817724,1
account.f85457e5f6144eb1a5cdc4d91bc87ac8,laozipapa,31,6500,17,1494,0.011378849,225,3035,2.0548408,41.976574,1
account.e0c2a073c8b142a18e5c5c103a0c1212,unknowN-Rover-_-,32,6496,152,809,0.18788628,393,2702,4.1001515,25.12361,1
account.dc3963cc1a61429681d5ccbbf4b34ff0,4eI7yXa_T-3,33,6494,50,1787,0.027979854,178,2558,1.4718066,38.202576,1
account.9919e82e260c4bbcb4c862ba5f0999cf,DKH-keywebxpy,34,6490,136,1753,0.07758129,328,5318,3.2888064,32.58072,1
account.a88356d6e5ba4aceba429cdaa07274dd,BoLuo_i,35,6481,8,2860,0.002797203,128,2817,0.9877279,50.81154,1
account.7fac7106dc484cc6b60abf76518399da,AJW_QaQ,36,6480,133,797,0.16687578,281,1852,2.764179,19.400251,1
account.6a097d00cde846ebabce07bcc632ad00,MaSento1,37,6478,93,1065,0.08732394,220,1776,1.8271605,35.0723,1
account.41ceaed83ee7453fadad19ec6a660834,CTAPbIY,38,6475,59,1141,0.051709026,294,2575,2.3776546,35.438213,1
account.fd920dbdb61649198f4dce8031113f68,PlayPlayPC,39,6474,33,2201,0.014993185,167,3002,1.3846864,27.557928,1
account.6219b24ec0364774acb82028941d7203,0i_I_iQAQi_I_i0,40,6472,39,3329,0.01171523,177,5402,1.6419452,55.35296,1
account.318bcf9201cf45a6b37cacfda27e751d,ININBRAVE,41,6466,40,971,0.041194644,187,1418,1.5230935,27.247168,1
account.f93f51acf1134acaacef1d7189463729,HB-L3,42,6461,19,1022,0.018590998,133,1144,1.1394422,27.298435,1
account.a715b2b0a7714e79b2d4e7a53bedc073,LONG-ADC,43,6455,92,964,0.09543569,319,2542,2.9117985,29.797718,1
account.4402c8c893524edf9211ed21f0c803e0,ZhangBing66666,44,6450,43,1025,0.04195122,217,1758,1.7902241,32.65951,1
account.0764243c5e6c4b59b9c225e339ccdec5,TLYYSYS,45,6447,82,1043,0.07861937,249,1988,2.066528,34.05657,1
account.c68b26cc070943968bc0f1727a31f116,YYtv7342-Cc,46,6439,148,828,0.17874396,476,3531,5.185022,32.422707,1
account.845bf220be79400689547769ff8606ee,Timo7624,47,6434,59,1006,0.058648113,206,1580,1.6684266,25.817097,1
account.f5418e27430b4c1bbe180ab51af1cec1,DouYuTv-7320893,48,6428,79,850,0.09294118,237,1781,2.309987,24.012941,1
account.0be1790139314e47acdce071e463913a,Hebe3C20190613,49,6422,23,1299,0.017705929,236,2562,2.0062647,39.623558,1
account.8f431a52baf0477cbb4e98a1146ee9d4,19681035yu,50,6421,18,1822,0.009879254,115,1614,0.8946785,41.72283,1
account.217ba42961cf45648f72098d6c45d490,amoslHl,51,6416,30,1520,0.019736841,168,1941,1.3026845,37.000656,1
account.a8457aed97474bfd83cd5c33b4091f9e,YOYO_LJH,52,6416,15,1358,0.011045655,121,1232,0.9173492,33.733433,1
account.753769c5bd1b41be99df2959f7194296,nmmmpxx,53,6414,39,842,0.04631829,97,694,0.8631841,17.895487,1
account.30a7d6beed39447e8091e525f9f53ebd,c24m,54,6412,25,1235,0.020242915,136,1282,1.0586293,30.19514,1
account.e72f55fb4052404ea219f5f1462820e9,Ws_dashuai,55,6411,20,1496,0.013368984,196,2437,1.6510841,43.83623,1
account.7295f249a87b446c966b5ffacb333da9,Citipost,56,6410,22,1808,0.012168142,271,4216,2.3605824,52.954094,1
account.60806225b0f543fb9f6d91c26cc1d962,Edwinw0w,57,6408,46,678,0.06784661,304,1848,2.9194312,20.511799,1
account.f79f254c742d46f981eaec562374fefc,lesysunshine2-25,58,6408,44,1641,0.026812918,194,2490,1.5591735,41.40707,1
account.c2cfa1f35f104a319b7ded231ff9b4f3,WG-130,59,6407,54,1245,0.043373495,298,3030,2.5419464,44.73815,1
account.332a8cc139f14ae98bd5552b41178399,LoneWolfAndy,60,6407,18,2578,0.0069821565,167,3442,1.3445313,55.413887,1
account.2f6652cebbbb4d64812c4db1576057cf,No1_SCAL,61,6407,161,996,0.16164659,304,2740,3.2580261,21.53715,1
account.473a5f777dbe4cdab2ec1aae8ab1f1f3,R_U_B_I_K,62,6406,48,1073,0.04473439,244,2228,2.1736586,36.39888,1
account.922e682a52254dc0975393a413e67b3b,mql121891,63,6406,21,1454,0.014442916,76,873,0.60921144,34.649242,1
account.755bf13ae8cd4eac91c72f74d38f2f33,Xiaohao-32,64,6406,30,793,0.03783102,187,1282,1.6802098,22.688524,1
account.3bb228ae99754530a43442025c2c0f1a,GLWBKBZ,65,6399,33,917,0.035986915,199,1441,1.6300905,29.232279,1
account.9026ceb4528f4101953724a6defddac9,767gg,66,6399,66,716,0.09217877,185,1007,1.5397553,16.860334,1
account.7c808bc2a9e24fb3b8c73401f77ee564,baadmax,67,6396,6,1612,0.0037220845,70,815,0.507472,29.241936,1
account.ead7d4a173d24c0dba8fb115f63652ed,BlueSharkTorpedo,68,6395,1,1972,0.0005070994,46,607,0.3079655,37.1501,1
account.0c370d93cd484835b4dc99c72302cd8b,Smy888888,69,6393,24,1292,0.01857585,192,1799,1.4165354,40.38777,1
account.17801b771bdf422789fdb91778731d2e,zOlezc,70,6393,135,552,0.24456522,499,2123,5.091127,15.775362,1
account.fce22add9e6548ea96e167ae07cff10a,FengTa_No-kill,71,6392,34,1157,0.029386343,102,1002,0.8922529,31.874676,1
account.8267266484334275aafc2fda1097465c,Da_Hua,72,6391,7,1354,0.005169867,112,1051,0.7802524,36.757755,1
account.b7f7340b50504217ae9eff866ca18122,chunaguangwaixie,73,6391,111,1196,0.092809364,295,2981,2.7449355,32.985786,1
account.4f24200b17dc4accba774e372b111ce6,BadPolygon,74,6390,71,594,0.11952862,218,1121,2.1434035,20.722221,1
account.18b448725b1a48bc9610a252d4a5ddf7,Iwantdurex,75,6389,60,876,0.06849315,311,2225,2.7267158,31.023973,1
account.3a8d42d9a68a43dcb4200253c8163509,xxtc1688,76,6388,25,1113,0.022461815,140,1214,1.1158088,34.626236,1
account.6099d51027b547f3bac301e03a629b18,xun13052777277,77,6380,27,1461,0.018480493,130,1338,0.9330544,37.1718,1
account.317b27cf4c874729932fd81393478471,yangxiaotingbaba,78,6379,17,1160,0.014655173,103,996,0.87139106,29.592241,1
account.fe8dba6b2f7049289ea75f030bd48a3b,xiangxinyu33,79,6374,7,1166,0.0060034306,158,1337,1.1535807,33.530018,1
account.24baba0745c641da8fb383ded9a87c1e,YiFan218,80,6373,22,1117,0.019695614,156,1314,1.2,35.447628,1
account.082789c91f7a42a18f0d4eda8b8e2c5a,Wolfheda,81,6373,124,546,0.22710623,681,2796,6.609929,20.071428,1
account.7a62d20626c54d389746a9a8ac254b74,G2_G2,82,6367,30,982,0.030549899,151,1166,1.2235047,29.404278,1
account.d7a0a904ca614abab9ceec52335730cc,Dreamer_Mx,83,6363,13,2246,0.005788068,225,4053,1.8142346,55.70659,1
account.43afffb7992945bf912838445b5aa44d,jidanbaba,84,6363,27,1403,0.019244475,195,2147,1.5603198,48.476837,1
account.b68e1942310c40028001491e19b46020,0ne_day12,85,6361,58,827,0.07013301,267,1773,2.3055916,31.62515,1
account.8afad1d1b525438b8ec165c4ef78e516,CM-Silence,86,6361,50,1246,0.04012841,239,2284,1.909699,38.501606,1
account.18d2b9282e934bdfb94ddf6d4f8f7e26,Mx_ssoss,87,6360,49,620,0.07903226,259,1449,2.5332167,19.719355,1
account.503145f8e697464886701323b90c14e9,JudiKnightsLuKe,88,6359,39,947,0.041182682,170,1330,1.4631463,34.034847,1
account.586e7855444948aea836832f9ba322b7,LeonChenUSA,89,6359,50,1281,0.039032005,171,1890,1.5340909,35.55972,1
account.2bfd93ad17194b84ba9658bf0c3f18d8,CaoNiMaDeBi02,90,6357,81,926,0.087473005,289,2003,2.3704143,27.455723,1
account.3844599a315649fcb9ae3e530732d7a5,NAGIBATOR23,91,6354,10,2136,0.0046816478,106,1609,0.7564645,47.632023,1
account.6fac1212a0ae44a9a137ca0c7e442452,Doctor_V_59,92,6353,4,993,0.0040281974,164,1229,1.2426693,29.3998,1
account.3a8b3e22eaa54d79ac2b05e6069e2425,GanSunXiaoHui,93,6353,24,702,0.034188036,125,761,1.1224189,15.938746,1
account.59694f864b604014bf88cc35d4b62c37,BZ-Zheng,94,6353,49,749,0.06542056,389,1993,2.847143,30.331108,1
account.d1f6ff1bdbdf49fbaf5d6a1c842f7e30,douyin-qg158168,95,6351,216,1012,0.21343873,195,1782,2.2386935,14.774704,1
account.8089ab4507e84033b7e12dca1dd5f437,OsniperO,96,6350,34,1424,0.023876404,151,1748,1.2575539,25.188904,1
account.03bf10fee4b943fc82645aca1b8647f6,EVERY_SOLO,97,6348,31,746,0.04155496,179,987,1.3804196,21.69303,1
account.fa1cea6978a54b1ca76ae972454bea77,Treidel,98,6347,15,1544,0.009715026,176,2196,1.4352942,45.454014,1
account.65aac16de38a49f5b6e216164b77c2f6,k14010,99,6345,126,638,0.19749217,551,2967,5.7723737,26.564262,1
account.4c865ba982a440ef8224061b3c12d1fc,fdsrttuf,100,6344,21,1333,0.015753938,118,1329,1.0129573,38.303825,1
account.05f65723296f45d691ceffe594fa26f4,fanqielian11,101,6341,7,1573,0.0044500954,79,830,0.5300128,41.364273,2
account.fb48f20baf84459a8fdd6508d0271a1b,Wangkai0821,102,6340,19,1003,0.01894317,135,1047,1.0640244,33.45364,2
account.94984e9c20914b8397cd332c8754129c,cctv_911li,103,6340,17,897,0.018952062,165,953,1.0817254,25.90301,2
account.ccf382f2e8b44498a43c954ec5a3289c,MOZOLEV_YOUTUBE,104,6340,121,621,0.19484702,670,3457,6.886454,25.956522,2
account.1d3e3f4d8e464396a7e2e7d0fff68cf9,angellee611,105,6339,12,2118,0.0056657223,139,2264,1.0750238,46.46081,2
account.5771e231a6b44612b0eb4d4e72c49b5b,Evan_nnnnn,106,6339,55,797,0.06900878,321,2179,2.9327052,32.22334,2
account.cb2570ab08e247a78b92158fa7f53c96,ERIC_DJ,107,6337,69,636,0.108490564,233,1275,2.2447183,17.424528,2
account.0f302cadc750458c9dd3f1cdfe7107b2,TEMP_CQL_1689,108,6336,15,1054,0.014231499,138,1070,1.0298364,28.726755,2
account.4e84a724ce6a42da8f7bc928ca34efe2,596112,109,6334,30,1139,0.026338894,194,1705,1.5374211,34.669006,2
account.63453546fb204c83897f7974c1dc1911,TM0007,110,6333,34,1122,0.030303031,219,2120,1.9467402,36.355614,2
account.66217926d5284c058f4e6d326b9c14c8,TeamRenHuan,111,6332,61,1042,0.058541268,388,3323,3.373604,40.570057,2
account.e7005259ed8849cb997babcbf044343f,JesusLagrima,112,6330,203,571,0.35551664,539,2728,7.4130435,14.702277,2
account.681c56bded254cf29c27131bc488a8e6,DiaoNiYaMei,113,6329,38,871,0.043628015,242,1688,2.0264106,33.626865,2
account.f0bc6d2d97a848fcb1c22686ad5d5f09,dishangxilou,114,6323,42,831,0.050541516,200,1411,1.7883396,22.972322,2
account.77ba5d9a62354eeb9fcda84be75a226d,zjlll22,115,6321,23,895,0.025698325,242,1570,1.8004587,33.023464,2
account.b71b5d27f21e4ab382ca872718ae58e5,17_Yul1an,116,6318,77,872,0.088302754,204,1422,1.7864321,34.95298,2
account.bbb55f2ca98f48e2950092892bb9d35d,SingDanceRapOas,117,6318,66,879,0.07508533,258,1943,2.3899138,24.674631,2
account.2a71544a5b7141f7bfb1899b3e269ca3,1TimLeks,118,6318,17,1651,0.01029679,179,2245,1.373929,46.8086,2
account.60248decf8f445d0b1fe837858f721d8,Tanxiaoyong98k,119,6317,32,1174,0.02725724,131,1203,1.0515734,29.683134,2
account.a7d454835b9c4e548b0504c7b1c69256,aeneas,120,6315,48,849,0.056537103,214,1545,1.9240348,31.402826,2
account.9f46ff2596ee407b9ad980266ed450b5,The-D-City,121,6313,66,632,0.10443038,272,1378,2.430335,23.393988,2
account.b822750480784456889c578b530ebee1,hyf5558,122,6311,12,1529,0.0078482665,128,1478,0.9742914,41.61282,2
account.971beab8866b4adf9a26e202a2016721,OMGlaiangKK,123,6310,64,875,0.07314286,336,2489,3.065271,35.17943,2
account.01632423720c4288a4de450f6a7ee392,HenryQQAAQ,124,6309,11,828,0.013285024,145,805,0.9853121,25.512077,2
account.a33b5918828d48dc93d68f6b3429e9e9,MC_Damaque_,125,6308,35,820,0.042682927,232,1703,2.1666667,26.99756,2
account.f8dfb999191646b582396047e484c94e,119890623,126,6308,9,876,0.0102739725,173,1144,1.3194925,25.952055,2
account.a4335c2dfb594c0783cf1456476bd352,894852625,127,6305,0,1967,0.0,87,1133,0.5760041,43.94916,2
account.f9521d9607074548be624eeffae1af8a,lgl79,128,6302,30,773,0.038809832,174,1051,1.4145356,27.754204,2
account.07e6fe3f054b40cbaea849b24df4bab5,TC_Miralay,129,6301,19,1407,0.013503909,132,1424,1.025198,35.74982,2
account.e104bcf23c3a470b9b838dbb02771a09,1K-fengzi,130,6301,117,950,0.123157896,471,4116,4.9411764,38.87158,2
account.c2e272bbadd542e3869c7483351d71e1,zUoxiAoLiang-,131,6301,152,801,0.1897628,616,4461,6.8630767,37.419476,2
account.ea214040e12a4e4e80419d2605b301cd,Kawh1_Leonard,132,6300,24,1381,0.01737871,270,3128,2.3050847,47.83925,2
account.9a0515de86534d739f43549552da8670,Khan-4,133,6300,8,1224,0.006535948,121,1174,0.96546054,31.003267,2
account.3360829e9df94c5399a2d7b65025c3fe,zhxr_zhg,134,6297,25,884,0.028280543,184,1259,1.4656577,33.966064,2
account.892fbdfb29c44a27aedba2eae6bce75e,Chariming_Smile,135,6296,55,760,0.07236842,277,1684,2.3886526,30.161842,2
account.50a27f440b524e1e8fdd390e340fa71a,master-_-aim,136,6295,157,662,0.23716012,503,2824,5.592079,25.821753,2
account.42dfaa288c37410e9995058f6f605c20,7polanka7,137,6295,14,1011,0.013847675,114,942,0.94483453,29.149357,2
account.be4a697701f84530b1edcef488a55799,PawpawCWO,138,6293,23,839,0.027413588,169,1175,1.439951,25.57807,2
account.0c020dec067d4e0eb2e5e85ee29519e7,goodliu520,139,6292,1,1817,0.00055035774,100,1453,0.80011016,43.859657,2
account.4ffb321748f44aceb7d59bfa8c57951d,CosmoDragon1,140,6291,8,1038,0.007707129,139,1042,1.0116504,32.378613,2
account.8deb0e698b744fe8ace5476ad739fbcd,TianJiaWei1229,141,6291,27,1071,0.025210084,144,1188,1.137931,30.046686,2
account.33d2b3bfc1914d80bd1b35f7e802d5af,MeTeGrz,142,6290,34,662,0.051359516,264,1449,2.2890995,24.879154,2
account.969c7a4e8eb84f01b1a8d45c4341ef04,VY-cMa,143,6290,19,980,0.019387756,165,1186,1.2328483,28.488775,2
account.b7931edbfd1b4b66972a93efc2f214e7,Shaw-His,144,6290,9,1756,0.0051252847,133,1808,1.034917,40.73007,2
account.afabba68cba34acc833cc1cfeae90526,Devill29,145,6289,1,1541,0.0006489293,86,927,0.601948,40.390656,2
account.da5c4da9df534f6abcbab704c898005f,A-daYuA,146,6289,8,1815,0.0044077137,178,2362,1.3071389,50.04573,2
account.1330428511074eefa7f52a80e4254eb7,KsTv-ID599350,147,6289,69,903,0.07641196,330,2521,3.0227818,44.099667,2
account.141935816a5d4d5e8afff939ec151074,luozhenhui520,148,6288,23,1060,0.021698114,193,1524,1.4696239,38.210377,2
account.8eaaf985a5404c418cd2a96699e092a9,Free_18,149,6288,50,1014,0.049309663,267,2321,2.4076765,38.473373,2
account.a99031ac73de485bbbd957dad3b7a3d4,Alshly,150,6287,25,1045,0.023923445,226,1728,1.6924584,34.64976,2
account.e00af469f76c4c7f82739cdebdb43333,kuaileliangfang,151,6287,3,1181,0.00254022,119,1209,1.0263158,38.86706,2
account.2623b88c12de4dd19ccce338a56b329c,needle_-02988,152,6286,20,746,0.026809651,148,995,1.3686383,23.156836,2
account.b62a4efb448341d286284d4710904927,mamaimahuap,153,6286,27,1347,0.020044543,194,2193,1.660106,42.5464,2
account.3564ebbd984e45b5bd46f809841ed179,DK610,154,6286,3,1224,0.0024509805,135,1235,1.011466,37.767975,2
account.cc2e78b200dc44cb9d248c739083ed6f,GXLZ-TangJun2020,155,6285,33,768,0.04296875,208,1408,1.9156463,33.298176,2
account.d4369ec089a44aa7af96bc6db1cdefc1,respiration_0,156,6285,46,821,0.056029234,256,1689,2.1765463,34.08039,2
account.5e235fef5fe644eca976767c6c3ef2fb,sanger112233,157,6284,20,828,0.024154589,120,761,0.9418317,29.77657,2
account.49ddb7102aea4e96bb4af43dcb82085a,NoweZ,158,6282,69,1493,0.046215672,181,2256,1.5842696,35.756195,2
account.72b2a61d4d2645ed942771d6a8f3b6a9,TheGame1983,159,6282,49,1554,0.03153153,153,1873,1.2445183,31.750322,2
account.1c4f872e1a5647049181806b20eb6cec,lymzrzf,160,6281,12,1509,0.007952286,101,1225,0.8183033,39.46587,2
account.ae876e3afcd243b4b6f3b96c6d306d92,DouYu-7225465,161,6280,25,890,0.028089888,168,1259,1.4554913,32.19438,2
account.26f7331061d544d3bdf27d45aff5b7cc,caidiaa,162,6280,46,890,0.051685393,109,846,1.0023696,33.986515,2
account.260170a537a34a5aba23fc683ccfc93c,SeeWill,163,6280,14,760,0.018421052,170,920,1.233244,24.915789,2
account.b6a1a4f3dedc4d9cbe781ac3bba3fe1b,TSL_BARBAROSSA,164,6279,33,1278,0.025821596,198,2008,1.6102647,45.034428,2
account.80ba11c1b0fa4f489d170d7756bcf3fd,kkar123,165,6278,11,1548,0.0071059433,129,1461,0.950553,49.273254,2
account.ceba064ed4ec4f65ab1d15499fe73265,Red_5004,166,6278,24,888,0.027027028,116,784,0.9074074,25.775902,2
account.6d0885f101894c6082aff35012e2caba,JOHN1981,167,6276,9,1995,0.004511278,120,1777,0.89476335,52.78296,2
account.7de700ce47fb477ba42379199a6fccee,mimimi01,168,6276,6,1102,0.005444646,122,896,0.81751823,31.854809,2
account.afa2245791ac4dea8ed7cf2783615d06,lee0760,169,6275,42,623,0.06741573,210,878,1.5111876,21.160513,2
account.82919a905de34e1bb511e514c7588b1f,DDBBNIUBI_DUI,170,6275,27,840,0.03214286,225,1438,1.7687577,30.790476,2
account.2b9a222924df46539617c7e3c5f1a3b8,404906404,171,6273,8,1436,0.0055710305,84,929,0.6505602,38.447075,2
account.9e1a8605532e4d0f82a82be563a66b5b,Jiera,172,6273,57,738,0.07723577,315,1891,2.7767987,29.758808,2
account.864ee51342eb46c7885e87bbb2bb0397,KAIGAMARD,173,6272,9,1147,0.007846557,144,1168,1.0263621,36.844814,2
account.e9a5afbf60464635875005fa4247520e,Huo-brother,174,6272,14,1175,0.011914894,172,1437,1.2377261,40.202553,2
account.8bfc190584ed4c0eb6ac0badcc48d5d1,FaZe_January16th,175,6271,26,1273,0.020424195,206,2061,1.6527666,43.74391,2
account.eedb02e816a7422f9c63c2fcd2ba7e8e,FaZe_FuzzfaceV,176,6270,68,983,0.06917599,211,1808,1.9759563,19.699898,2
account.320a272576034c35af3c5a1d049084c2,l-jiangchun,177,6270,39,1207,0.032311518,249,2498,2.1386986,46.908035,2
account.9fb4f76f61494f9ea123c94271fffe70,Daegu_PE_LAB,178,6269,28,1819,0.015393073,72,1033,0.57677275,25.455194,2
account.8d5630b20a3f451cbfe057b81eb7dfce,NIWENMA,179,6269,28,901,0.031076582,194,1401,1.604811,37.237514,2
account.fbde5b882d9641f9867a215a316534d7,nonchan,180,6268,29,788,0.03680203,169,1096,1.4440053,26.581219,2
account.1b8c4a6dbe0e46a4b4a8ba53ce0a896c,AnsonX,181,6268,20,774,0.025839793,101,675,0.89285713,24.425064,2
account.40159a4904a544f1b74f6a12be9ac731,qingcao2222,182,6267,33,735,0.04489796,172,1025,1.460114,23.711565,2
account.430a13ae40cd4bd098f6c14f2c759e9c,weisir711,183,6266,13,920,0.014130435,144,857,0.9448732,28.759783,2
account.3579fb3c593046b9b8434597d4c9133a,Kz_PaPa,184,6263,28,799,0.035043806,242,1434,1.8599222,28.64831,2
account.d8f57a36dc5e4129b8bb80bba9236fff,Tattoo-K2,185,6263,16,1012,0.015810277,206,1546,1.5522088,38.142292,2
account.61fb35a084244a9f83c2775a7d7b2a92,Small_SuperMam,186,6262,68,1163,0.058469474,282,2902,2.6502283,27.791058,2
account.797c052d7f7e4d908f98410580590b6c,pkmuse,187,6262,107,619,0.17285945,671,3794,7.4101562,35.221325,2
account.4034166aefec42c39974db420a2da76b,Abbottobb,188,6261,60,655,0.091603056,394,2088,3.5092437,31.500763,2
account.010fab4f1d34494390a82e8e4d7ef857,DouYu-4053316_MT,189,6261,106,1227,0.08638957,355,3882,3.4629796,45.559086,2
account.3f657d90843c412e8755a2a4b79c9dd1,Kayuk,190,6259,33,869,0.03797468,293,2326,2.7822967,35.790565,2
account.33e795037a9047ba80f0fedafbaa1055,Weekend-1over,191,6259,49,839,0.058402862,216,1463,1.8518988,25.92372,2
account.0f46a7b28cb943d682d27f4adcdc83da,AntoLLIka_888,192,6257,21,1114,0.018850988,247,2068,1.8920403,44.832138,2
account.26bb7d8da8794b6d99a031df4a2fa87b,LT_yqdgp,193,6257,26,1086,0.023941068,191,1615,1.523585,35.729282,2
account.46d6a498c073426faf6909245db4f2d7,ParlamenT--,194,6256,70,1256,0.055732485,368,4086,3.439394,49.657642,2
account.2438307727db4b0fbe7596c71f6f3cb8,TackKuffe,195,6255,13,983,0.013224822,192,1493,1.5391753,42.09359,2
account.38cadd56e8d04722bc18e4f506fd0927,DOUYU-TV95923,196,6253,37,1183,0.031276416,237,2158,1.8830715,48.19442,2
account.90b879be534d4837bdcc7b682bc27c5b,shagnito,197,6253,24,788,0.030456852,214,1353,1.7709424,31.05457,2
account.95cbab06459d458aba8b949767f60a75,No_3145,198,6252,10,1022,0.009784736,115,959,0.94762844,35.92368,2
account.61f3f5c0432d4319a7f349eca2b8d490,Ngoan-Nhat-Xom,199,6251,38,954,0.039832287,281,2262,2.4694324,36.600628,2
account.0579871c9caa4811a3808dbfb87d0b74,ZMEII77,200,6250,3,1468,0.0020435967,76,793,0.5412969,41.690735,2
account.0d5578c01c574f9c9c10348a5377dfee,wtg2481,201,6250,12,1358,0.008836525,117,1170,0.8692422,44.09352,3
account.2b2d40c4b4474395820395c4673cf066,hzy1717,202,6250,35,775,0.045161292,181,1117,1.5094595,27.952257,3
account.6e636fa2839e4625b4c39c905003cfd8,17_WeiYi,203,6250,14,842,0.016627079,176,1172,1.4154589,30.704275,3
account.6889ab10691c4e7092443d9f13470cd6,17_fage,204,6249,53,674,0.078635015,310,1730,2.7635782,26.464392,3
account.435cbba261f649f0987f72e6d0f7c06e,MuhiT76,205,6248,53,718,0.07381616,256,1530,2.300752,31.011143,3
account.112f5a991cea49dd92c7873c3e75ac48,The10god,206,6246,39,681,0.057268724,276,1558,2.423017,32.930984,3
account.b82cec5656eb4482b6696dceae7603a5,yulei1-123,207,6246,55,571,0.09632224,249,1007,1.9402697,21.57443,3
account.ff6cce8c61564d57a739547ad5c1dd7a,MonkeyKing-01,208,6245,19,1382,0.013748191,230,2732,2.0044022,27.638205,3
account.a238d074f7484b1f9f24b656a00c8040,0MMP0-9527,209,6245,6,846,0.0070921984,169,1118,1.3309524,32.443264,3
account.c641c7caf5b34da5950b127309e19006,YinLeRen,210,6243,94,847,0.11097993,485,3646,4.8419657,41.89374,3
account.00b2cb9229f8474a8d46e5bac7c7eb79,DF-11B,211,6243,9,1127,0.007985803,127,1139,1.0187836,38.259094,3
account.469d8f1ab3384e7e979006c8fbda1844,MUXA-TRANSVESTIT,212,6243,29,1016,0.028543307,183,1595,1.6143725,40.978348,3
account.2e43bc41c9a245f3a1faa955058d3ffe,ii_Biubiu,213,6242,38,663,0.057315234,287,1527,2.4392972,29.263952,3
account.379fbd81c4024d85abf241e77435ba17,Cheetah_zZ,214,6241,12,1319,0.0090978015,119,1251,0.9571538,44.121304,3
account.0ced85b977d24722855e39252edb650b,human99783,215,6241,37,1232,0.030032467,267,2927,2.4493723,49.646915,3
account.4bc5c88586534f72b634269aabf25106,jungle_king,216,6241,29,791,0.036662452,202,1181,1.5498688,32.077118,3
account.85fc843e0fdc45f49f9a8c00079ecf3d,Permanent1zZ,217,6240,93,1311,0.070938215,419,5140,4.1993465,51.193745,3
account.1e20a9cc4bb446fba126c88506d05801,OMG_nardkk,218,6239,29,835,0.03473054,254,1440,1.7866005,34.828743,3
account.8093fe28610f4e3cbc310c8038b6793b,iG_syGOD_kar98k,219,6239,28,1338,0.020926757,155,1688,1.2885497,45.364723,3
account.2fd91f2624884379b2f7381d036909e0,dameng1985,220,6238,36,970,0.037113402,264,2103,2.251606,44.835052,3
account.c07d8670e7604e6987c8cb7c57feb436,BurrKiller,221,6237,29,1069,0.027128156,269,2351,2.260577,47.67914,3
account.62502ee8bd794283b24103c6250c2111,hejun830708,222,6237,31,685,0.045255475,251,1395,2.129771,30.525547,3
account.7d4934233ddd4843ab60cbc622e6ef82,nam844,223,6236,22,627,0.03508772,162,782,1.292562,20.858055,3
account.8b7d565487e5477996ea73fa6b0992a1,DudExX,224,6235,92,532,0.17293233,423,2005,4.556818,25.99812,3
account.7b93cc9b0acc4451b265e793c9f9f809,Cyan-----Joy,225,6234,34,1033,0.032913845,252,2181,2.181,40.24298,3
account.c6cf3633db24420493f74da41e67096c,roynck,226,6233,41,1389,0.02951764,234,2580,1.9096966,51.855293,3
account.13b2b441f89247098648801e05a9fbc9,1Dominator1,227,6233,31,777,0.03989704,188,1277,1.7117963,31.15444,3
account.8f000b521c5e4d8abbe3b5295e605ecd,ColinsDu,228,6233,6,1334,0.004497751,138,1412,1.063253,41.46702,3
account.2a722c6c64b946f1a1f2514588afd2b1,wbw6666,229,6233,46,828,0.055555556,335,2214,2.831202,36.018116,3
account.0dc0ff60c31c43789f23e00880bd223d,Peiper88,230,6233,34,883,0.038505096,179,1272,1.4982332,35.387318,3
account.bd6a29922c474f58bd8e6d138405428c,wxflaichiji,231,6233,9,1378,0.0065312046,217,2327,1.6997808,49.24746,3
account.1ea65406a57a4672824123e25821a0ef,XiGuaTv_102232,232,6232,81,735,0.11020408,480,3093,4.714939,35.284355,3
account.66a761da6849488d85ef82d91d62d698,LeevFran,233,6232,15,879,0.017064847,233,1626,1.8819444,39.76678,3
account.02fefb1ac6a847919230f16be04d06f6,PaterKolovos_Yt,234,6232,36,735,0.04897959,216,1238,1.7711016,32.487076,3
account.0ff5a08e057944fc9613ffd461d74a61,D-wujian,235,6231,9,1136,0.007922535,138,1223,1.085182,37.69366,3
account.8695be7049a542c98243581719eaa890,Killerplauze,236,6230,85,685,0.124087594,321,1778,2.9633334,20.813139,3
account.423ba60847984f04bca934319e9eabc0,MALISHSpb,237,6230,23,872,0.026376147,148,922,1.0859835,33.92202,3
account.e70cf96a830f489788f758fdd14afa07,yangliu505,238,6229,48,828,0.057971016,213,1402,1.7974359,33.58575,3
account.d57dae8b63f048d3bdecbbfcae5814d8,TheKingofLYBKing,239,6229,42,681,0.06167401,298,1870,2.9264476,31.643171,3
account.a784cbe9f41242919fbe0418964e2807,yunciji,240,6228,24,1331,0.018031554,244,2632,2.013772,49.540195,3
account.e24f983f9ed3403d960ed7d92e2a75aa,shangzuzu,241,6228,4,1441,0.00277585,76,804,0.55949897,34.90146,3
account.7361c9bcb047489fa3ae5492f52ceed7,Rayy97,242,6227,7,1102,0.006352087,133,1080,0.98630136,41.008167,3
account.bcb20d3e99764a9cba7310e52069ad2b,NAs1422,243,6227,27,1201,0.022481266,185,1860,1.5843271,41.774353,3
account.0a1435c42b6d4a42aadc4de73de38cb4,JIBAWANZI,244,6227,5,1402,0.0035663338,109,1256,0.8990694,45.53067,3
account.0346977e77b2439cab502fc448834234,CIA-GRANDPAPA,245,6226,18,1600,0.01125,169,2479,1.5670038,39.369373,3
account.dfd4bfff20a54cfda6c9469a3bc35e67,ALLI_TEM__,246,6225,30,776,0.038659792,216,1382,1.8525469,35.023197,3
account.bce91fed038f4b408584473904996a9e,HuyaTV_9881314,247,6224,41,752,0.054521278,154,927,1.3037975,32.904255,3
account.51496c4d41814f28885290cb8427f1aa,John-harley_84,248,6224,30,1032,0.029069768,240,1993,1.9890219,41.15213,3
account.37f16a6776ba490d9e0b3a7640fb2321,shangxiaowanan,249,6224,11,1407,0.007818053,67,791,0.5666189,31.292822,3
account.a3902060d1cd40fb9bb31ed8b5a35eff,T99-ABC,250,6224,13,1011,0.012858556,130,932,0.93386775,37.091,3
account.86f13f9f45244653b6fcc43b42c4899e,98KBiNiPiao,251,6223,23,1030,0.022330098,226,1818,1.8053625,41.116505,3
account.d9befb0e62154b9f8c12de12e88f257b,vito888,252,6223,13,1639,0.0079316655,116,1511,0.9292743,29.135448,3
account.40d63a2cb7d740cd9d10c03993fdffa4,Dream-dianf,253,6222,40,1115,0.03587444,301,3002,2.7899628,46.3713,3
account.9c274134c6c34439a4563335e92088b4,tangzhaoxu,254,6222,12,1194,0.010050251,129,1128,0.9543147,39.57454,3
account.ec0c56671b0844cbae2def57223d3745,Kim_Free,255,6222,7,1463,0.004784689,148,1623,1.1146978,49.239918,3
account.92bd93a9ae4e4c62a9ce6d9039790eb1,ldsc007,256,6222,20,877,0.022805016,147,1105,1.2893815,27.91106,3
account.a239e12d470046b3a6c4131e964cf37a,CHINA-WX-SBBBBB,257,6221,47,591,0.07952622,243,1092,2.0073528,24.19797,3
account.3d8b40c657084dd7995d8eab17692073,Kachorro,258,6220,1,1066,0.0009380863,35,251,0.23568074,25.989681,3
account.2198dd284a38481d9363dee97f10ea21,renwencai,259,6220,10,740,0.013513514,113,676,0.9260274,23.51081,3
account.2cdf46b04d9d48ef8f0b700dd7ee22a4,CN_Mole,260,6219,48,621,0.077294685,202,1011,1.761324,26.911432,3
account.194ffede89654c6ab253cdc3bfe81d87,dabaojian888kuai,261,6219,24,726,0.03305785,210,1132,1.6125356,29.812672,3
account.0b0822aa1d6847579b41fe2ac7b1073c,KADIKOYACIL,262,6217,41,904,0.045353983,242,1867,2.1608796,40.57633,3
account.b6b236ce10374973aca39d1d95a344aa,fox27-k,263,6217,17,1029,0.016520893,155,1187,1.1729249,38.419827,3
account.c28d0c3d98024a0b8c157b137b557cbb,xiao_bai_tu2222,264,6216,6,1773,0.0033840947,120,1652,0.9349179,50.64918,3
account.d91bcf57961444adb53df1c92ed02faa,LlDDY,265,6215,54,816,0.066176474,354,2411,3.1598952,35.292892,3
account.44cbaa2e8bd14abd836728f17dbe97cd,SAVER11,266,6215,29,698,0.041547276,175,890,1.3303438,25.544413,3
account.1d18100ecce24b10874e6922db2472c2,supertyler,267,6215,33,949,0.034773447,208,1628,1.7772926,35.879875,3
account.c9c0084532ab40ce8591734e19f563e7,ABCPPPPPPPP,268,6215,46,507,0.09072978,292,1247,2.699134,23.351086,3
account.5e2992e84c4b41088354a43f4e263e96,RockMe416,269,6215,16,694,0.023054754,229,1208,1.7817109,29.036022,3
account.3ef9a11680e64016a5e7b3f1a5fe390a,UnknownSteam,270,6214,86,518,0.16602316,594,2640,6.0969977,24.333977,3
account.7c34fdae13a145028d801d6639e90515,Just__Lucky,271,6213,13,1217,0.0106820045,140,1433,1.1901994,41.66393,3
account.1838bea377c44771866c30d26342ed86,HuyaTv_LinWei,272,6213,69,819,0.08424909,415,2840,3.7866666,44.42735,3
account.610c96a07ef44e47879a8604489d8c0a,COOOCP8K,273,6212,13,1088,0.01194853,121,1003,0.9330233,36.64706,3
account.3112dc0ca90045969096195cf4c59a3a,Fxiaoqi77,274,6211,18,1036,0.017374517,198,1596,1.56778,38.19305,3
account.6a830bab5bac4dc5bd7bb445b417ae29,RedBull_express,275,6211,42,891,0.047138046,298,2243,2.6388235,39.002243,3
account.5cfc953d96bf492eb91fa0aba917c8fb,zhengfengzhanyu,276,6211,39,789,0.04942966,181,1196,1.5946667,32.419518,3
account.411acab2b2d6477197650e9c2a3217ed,Dyckens,277,6211,17,1079,0.01575533,154,1364,1.2843691,40.41242,3
account.fe5ebeea6c2e44cbabdbc8aa040b4519,Battle-Royal,278,6211,11,1117,0.009847807,143,1244,1.124774,37.87556,3
account.33715aea727f4899989d0e0c3dd6f0f5,RusQaa,279,6211,66,655,0.10076336,296,1594,2.706282,25.053434,3
account.8107a29dd2d947b2acbbe298f6e40950,M__823,280,6211,31,749,0.04138852,146,811,1.1295265,26.05741,3
account.af0d346482694dba9fa194c0306e8360,HonohTsuru,281,6210,35,1346,0.026002971,272,3141,2.395881,53.34844,3
account.fae7bbde262046639c4eb978f2301f1b,fhlz1125,282,6210,0,2050,0.0,97,1547,0.75463414,51.61122,3
account.1db15309dbd34824be92d0080d16ddad,Scooby-doozz,283,6209,19,1157,0.01642178,236,2309,2.0289981,50.965427,3
account.130beb32c06646beb1bf99cf28999211,HORSTTHEWORST,284,6208,6,851,0.0070505287,111,817,0.96686393,29.645123,3
account.11fdff1f57464a188e1d0eef9b18a616,CH_Investment,285,6208,28,1167,0.023993146,243,2417,2.122037,48.27935,3
account.f379e1ebdfd743129162646839a498cf,no_4eM_xaJIBa,286,6208,41,665,0.061654136,235,1158,1.8557693,28.225563,3
account.f1206556107f4c59b43b3f1eae98a850,ChinaNobeL,287,6208,8,906,0.008830022,140,865,0.96325165,33.812363,3
account.8da360fa3c8140af9ad1692f932b3f54,WJ71720000,288,6208,15,691,0.02170767,109,520,0.7692308,21.105644,3
account.125d7a59a3a74f9c8ab3fef6df6641db,HaulPapa-_-,289,6208,118,902,0.1308204,400,3252,4.147959,27.616407,3
account.199236ce1518450daf9a9813c63de46d,Douyutv-4616290,290,6208,63,845,0.07455622,389,2868,3.667519,42.791718,3
account.302a910f11984a9e9f8e10a50eaa33df,etozhephoenix,291,6207,26,796,0.032663316,237,1514,1.9662337,36.71357,3
account.dbdb0dacfbba48a397044fd29f03a128,QSH_OldDRIVER,292,6207,92,671,0.13710879,279,1660,2.857143,24.304024,3
account.56cffa96d3824837a3cbc78fdda85829,Chi66-Qiang,293,6207,22,539,0.040816326,241,1005,1.9439071,23.580706,3
account.cc67e76d6e9b490b90fda021874719b1,Dennisnim,294,6207,102,560,0.18214285,402,2042,4.4488015,24.207144,3
account.df5d69ba81814626ae75e9203b9b5c58,Jk-5_yu,295,6206,4,892,0.004484305,118,789,0.8885135,31.872198,3
account.5e470c179bf345c591ba8d085243172d,OUTLET-NBA,296,6205,37,869,0.042577676,150,1080,1.2980769,24.168009,3
account.f88f3b8c1af8488ea77f950b0ac9b4ed,1761,297,6205,35,846,0.04137116,283,2067,2.5487053,39.914894,3
account.de0f227c41664c06899c0cb77a16f00f,Big_Men717,298,6205,49,719,0.06815021,296,1765,2.6343284,37.044506,3
account.5cd8b670a4f54025a019d6104f5aca0e,Derker5511,299,6204,9,955,0.009424084,96,689,0.72832984,32.09843,3
account.7b8c1361a189410d9b1b1ea0ffe5a752,IQfree,300,6204,19,746,0.025469169,239,1286,1.7640604,35.108578,3
account.1d6006fe5af843c6af8af5ca04fa4b85,Twitch-NAGWizard,301,6204,50,722,0.06925208,235,1365,2.03125,22.504154,4
account.df49fe19f72645fa961e6d91d911d58f,DDxz1,302,6204,9,845,0.010650887,99,666,0.7966507,26.179882,4
account.0b1247ccfe814f90884ee9c09c2cefe8,AboutFps,303,6204,28,893,0.031354982,202,1415,1.6358382,34.20717,4
account.cc384ea8ed914f93828a546e79863193,SSY_6028233,304,6203,58,750,0.07733333,283,1830,2.6445086,36.717335,4
account.5405a1e32c344b82ae2cc1ca11f40b5e,5211DY,305,6202,12,1059,0.011331445,174,1456,1.3906399,42.1898,4
account.b08f777731df4b37843b3602a1362b88,LC-9981,306,6202,17,751,0.022636484,150,878,1.1961852,29.346205,4
account.14ee4147e2cf4d12847e3d23812d8dd7,macrange,307,6202,8,1009,0.007928642,140,1051,1.04995,36.427155,4
account.d7124018a8b64b5ba2446825e22862bb,longya77,308,6201,11,728,0.01510989,113,671,0.93584377,22.82967,4
account.6f1fd38b8a4b43b391324cc2b883a21f,YYtv-7814,309,6201,40,1061,0.037700284,213,1805,1.7661449,42.310085,4
account.0edd770cc4c24dffad4ad180d3fb5adf,badboy--xz,310,6200,18,650,0.027692307,210,1136,1.7974683,26.363077,4
account.4b6be437801f481db3df93060d984090,david_0912,311,6199,13,799,0.016270338,131,839,1.06743,29.758448,4
account.05ad73ea62e74805b9f66ef5be8ad5e0,Dragon_XCX,312,6199,21,1281,0.016393442,173,1830,1.4523809,30.141296,4
account.0fc5e9d7f15a43df94b08f1adb2aa07f,Tianyeguilai_,313,6198,14,968,0.01446281,119,882,0.9245283,32.04029,4
account.3e93ac754b954e788a39358454a99840,AIREN-511,314,6198,15,834,0.017985612,176,1125,1.3736264,31.031176,4
account.1927b9045d474bada7f87b8eba0a311b,MoMo-30863414,315,6198,64,871,0.07347876,487,3738,4.6319704,47.742825,4
account.81268fac8f7848ee91bce1c474dfd16f,Zoyeed,316,6197,11,773,0.014230272,114,694,0.9107612,26.592497,4
account.abf9e91af637438e8403fd866c75c14f,Vvvvvk_Air_Eariy,317,6197,75,500,0.15,302,1282,3.002342,20.468,4
account.14add1bfcbea4dd4a41a4657aaead03d,taotao20130813,318,6196,17,793,0.021437578,170,1178,1.5180413,34.506935,4
account.6a7f49514b074b23907d79c668080518,lengend5-Mr_B,319,6196,42,682,0.06158358,238,1210,1.8876755,34.12317,4
account.35ccdf64f5d946a88ecffaca2a2af0d0,AusSailor,320,6195,61,795,0.07672956,247,1690,2.2899728,21.821384,4
account.af9ba1993837441aa2e510de08938f3a,kingmax1984,321,6195,38,848,0.04481132,310,2239,2.7641976,40.64151,4
account.ea4afb46252c47ecbc6381078dc4c3a2,3142sun,322,6195,15,1112,0.013489208,127,1046,0.9526412,36.031475,4
account.1404110275e44637af63fd54ff0ee993,Udore,323,6195,4,866,0.0046189376,120,718,0.83294666,31.023094,4
account.754814279ba74dcba091306d4cf0105f,Fyr-_01,324,6195,11,834,0.013189448,142,970,1.1786149,35.052757,4
account.3acd939ee99f459286a11a073a960840,Harry531,325,6194,12,763,0.015727391,169,1032,1.3741678,30.222805,4
account.283631fccc27422b86cfd49669e675eb,SaoDaiSiNai,326,6194,60,496,0.12096774,345,1375,3.1536698,23.407259,4
account.74feeefa679c4803a91bb78b1b97ae1f,Future1109,327,6194,20,730,0.02739726,161,916,1.2901409,31.861645,4
account.28bbd0bfd1624aa584b41c050244750f,Edwy-wang,328,6194,15,868,0.017281106,195,1297,1.5187354,39.92396,4
account.1459be72d28f4aebbb5f37bcd5188c27,007chen,329,6193,38,747,0.050870147,308,1997,2.8166432,34.4913,4
account.3ad6ff2fca964e15b2b44836c601a038,star_MIRROR_star,330,6192,44,853,0.05158265,194,1401,1.7296296,28.42673,4
account.c52716b3dd9644f29faac5b0e48f2128,Ranran_yangyang,331,6192,16,928,0.01724138,177,1384,1.5175439,37.349136,4
account.0a6430249f804aa68746537a5b54b808,sHeN_C-1976,332,6191,6,1164,0.005154639,150,1373,1.1856649,40.407215,4
account.a4aef70461e141e28f7e3ed055783eba,hu-han-er,333,6191,6,902,0.006651885,176,1205,1.344866,32.551,4
account.2d532ec7b7e948abae2718909e36fd42,fnatic_f0restwOw,334,6190,97,478,0.20292887,362,1438,3.7643979,17.924686,4
account.befa32d5260d4ace954167baf7f5b9b5,Ac_1001,335,6190,25,810,0.030864198,230,1485,1.8917197,35.665432,4
account.2d54e847b261450c9d4145b28c1228da,PoumPaTaPoum,336,6190,12,1035,0.011594203,96,781,0.76344085,33.43285,4
account.3e0a0328391046acab9bc1134a6f45a1,jejumoongchi,337,6189,58,2070,0.028019324,184,3434,1.7059115,49.26425,4
account.681833b6743c43f0a2f874d290238bcc,Dzvero-Psihopato,338,6189,1,1261,0.0007930214,88,750,0.5952381,42.9659,4
account.fbaf8f1248fd46c497972c29385de876,tashan_kk,339,6189,5,1309,0.0038197096,181,1618,1.2407975,48.03896,4
account.79bcc63d1ed149d49a49d99fc7df5608,Predador-BR,340,6189,3,1294,0.0023183925,116,1100,0.8520527,35.49536,4
account.531611656b13431a98cd4d01226e5cd9,Fat_Shady1337-,341,6188,3,948,0.003164557,106,754,0.79788357,33.248943,4
account.f50576dcf88c49f19e998da84c173ea4,handcold41,342,6187,51,601,0.08485857,230,1062,1.930909,23.379368,4
account.2e90d9ba447440ca86535d70b372a755,TTTTNTTTT,343,6187,6,755,0.00794702,101,648,0.86515355,28.360266,4
account.ea2309eecde2408caab2c1a130996f37,Nicholess,344,6187,38,610,0.062295083,304,1154,2.0174825,28.27541,4
account.1ed6c3af63034f9eab8d50831187037a,DaiCaTom,345,6187,26,750,0.034666665,275,1753,2.417931,35.504,4
account.b68dc0a4995e4ac9af74250213077f95,NicknameJoker,346,6186,22,673,0.03268945,151,773,1.187404,28.98217,4
account.5442a0025fb14e31a3cccc0de906947f,DarthSMorg,347,6186,3,1018,0.002946955,89,733,0.7221675,36.098232,4
account.3338dbcc189d42af96697b25df9ea4d4,howmusy,348,6185,43,1190,0.036134455,122,1139,0.9930253,19.920168,4
account.f0aa6b6f7fd24118bc94dd5cadef818b,Ev4_J8Leng,349,6185,18,1355,0.013284133,243,2849,2.1308901,55.119556,4
account.8c17032fc45d4c6da6d4ba0886dccc20,LZSV587,350,6185,36,745,0.04832215,232,1256,1.7715092,31.673826,4
account.c14d14a3ca2546c3ace82575bb277172,CEEEEEEB,351,6185,22,1062,0.020715632,221,2078,1.9980769,46.074387,4
account.532cd18987074816b5dfc30413c0f2f7,ISAAC_TV,352,6184,79,553,0.14285715,355,1626,3.423158,27.86076,4
account.becf110ba2e7413b80fd0195f34d131a,Mike__T,353,6183,28,808,0.034653466,221,1448,1.8469387,39.92698,4
account.510b3203db7a41a68b19fd8be71d4207,shanjiao123,354,6183,41,565,0.072566375,273,1207,2.303435,29.306194,4
account.b499675c36624a328720c28c953099ca,Agwa86,355,6182,29,690,0.042028986,267,1426,2.1573374,37.27971,4
account.dc6c4d0160e04ceeac9f2a5d5cf7def1,kz100www13,356,6182,87,467,0.18629551,287,1038,2.7172775,22.599571,4
account.bd151d95d51b4a74a52b4703fb021e81,BoA20190824,357,6181,31,551,0.056261342,200,788,1.5153847,27.809437,4
account.68155235012345499302c29803e72426,Fuuuuuuu_BJ,358,6181,38,740,0.05135135,148,983,1.398293,32.754055,4
account.13b262ecb66b48d6ab52de7b05b29fb1,JONMEN--,359,6180,49,527,0.092979126,309,1291,2.700837,23.132828,4
account.19e93dcb7f5f4199b58cc57598cf523c,RayDizzle18,360,6180,35,1038,0.03371869,256,2327,2.32004,45.378613,4
account.4949ade5f96a4182b917ef4bbdd0a133,SEECHE,361,6179,8,2587,0.003092385,135,2748,1.0655292,44.45806,4
account.f02ef1abcaf04e35a5c3567d7c9bd02b,ymascat,362,6179,38,556,0.06834532,165,737,1.4173077,19.244604,4
account.e7b84e735ce54c0eb60cf201b08231ac,lihongyu70,363,6179,38,710,0.053521127,158,695,1.0326895,28.645071,4
account.11dbac5dd4a24bdb9090539951c87af0,1111XC,364,6179,51,557,0.091561936,331,1350,2.6679842,28.385996,4
account.a480848a33934473a849ad393853dbda,LouCreed,365,6178,32,681,0.04698972,191,1008,1.5531588,30.434654,4
account.674d5370cb9241ed97048f237f0298a4,gavrilovic,366,6178,21,1140,0.018421052,159,1323,1.18125,44.042107,4
account.a2610f4aa0404ef5951a4bb735a891c3,LOVE__Ali,367,6177,51,796,0.06407035,271,1760,2.362416,41.53266,4
account.ef2783560f7449a8bef80c9cdacf4745,yaoyangcao,368,6177,29,744,0.038978495,215,1304,1.8237762,36.532257,4
account.c810737deccf4fc7b5650b1873c6547d,XF-zpHelmxc_c,369,6176,75,778,0.09640103,264,1892,2.6875,29.28149,4
account.790f7c2764bf41ef8f4b5db84642b083,dawojubao5ci,370,6176,60,677,0.088626295,427,2535,4.1019416,38.36337,4
account.030abbc576334450874ff8364b00307c,haihai1009,371,6176,41,803,0.05105853,298,2063,2.707349,42.841843,4
account.4ea8c565fe33425a97676ac29c70b96b,Lonely-lov,372,6175,24,875,0.027428571,233,1555,1.827262,41.272,4
account.88bba70d8f55444d922650d314711d17,Fw_Love_ty,373,6175,48,870,0.055172414,253,1726,2.0997567,40.211494,4
account.482f5d3929af4e79a4df7d8be822104d,Bloody_Slaughter,374,6174,20,681,0.029368576,119,621,0.9394856,27.287811,4
account.e0af5c84b93742128f56ced7504fa681,HoBBiT-o1,375,6174,10,1258,0.007949126,171,1824,1.4615384,53.5469,4
account.265f78115fb0405aa8a5ecbf822b19f6,omor0329,376,6174,24,1459,0.016449623,193,2308,1.6083623,54.92118,4
account.70b4907a68a347679d15f77e5a518db2,samshixiong1098,377,6173,2,823,0.0024301338,72,421,0.5127893,24.230864,4
account.6db3123c27184c8f9bce3b69c61334cb,Arcadar,378,6173,70,507,0.13806707,297,1192,2.7276888,25.552269,4
account.4db7bb1ccb1547a9b4bb0c90a7cd0f26,aqarqqqq,379,6173,20,779,0.02567394,270,1607,2.1172595,39.810013,4
account.3b5522667748445798444362257bfb83,WAzhubobo,380,6173,21,859,0.024447031,324,2348,2.8019092,46.180443,4
account.6631563e5f98420c973dddd14b5c9f4e,Polabar,381,6172,10,966,0.010351967,86,634,0.66317993,23.609732,4
account.1a1a1ec156734cd0920a805d046ffbee,wgt1978,382,6172,10,886,0.0112866815,101,633,0.7226027,33.764107,4
account.684c7c4bdccd4ef193553470071b86ec,MaxWay,383,6172,33,581,0.056798622,123,557,1.0145719,19.979345,4
account.7526593f536b4f8cb05127feaeaa02dd,PpPpPpPpPpPpPt,384,6172,4,1386,0.0028860029,110,1228,0.88856727,48.01876,4
account.1a739a0477ea43b7a42a10214a337964,HH0456HH,385,6172,16,979,0.016343208,132,970,1.0072689,33.510727,4
account.02abf4b386e34119b65fc6ce5dae2db3,viros122,386,6172,14,907,0.015435502,174,1277,1.4300112,38.748623,4
account.33b2646e9b4942abb71203f1e334bd1a,ChaoJiBaBa_,387,6172,33,787,0.041931383,230,1482,1.9655173,38.792885,4
account.9dac22034322419b98f558fc49a949c2,dok_kkaeby,388,6172,53,520,0.10192308,340,1380,2.955032,27.146154,4
account.7a7a196092964231b2f8c01320492533,firstdayinmarch,389,6172,8,1964,0.00407332,213,3556,1.8179959,61.35489,4
account.0e8e3ee5fc584bdc80c364f677ee57fe,BZ-911,390,6172,42,536,0.07835821,193,846,1.709091,26.339552,4
account.f066897a443c481bbfa7f01de64ed53a,Callousyan,391,6170,36,624,0.057692308,231,1136,1.9319727,28.58814,4
account.8a7baa334b8348a8a6bab8101ffd721c,Truth_in_hand,392,6169,57,650,0.087692305,339,1876,3.163575,35.512306,4
account.ee7db2182ee94f35bfdc1ea3483f7ecf,Tricorax,393,6169,25,550,0.045454547,225,951,1.8079848,23.218182,4
account.fe5f4cbeee5047d2be006213bed10897,Mr_Julian,394,6169,35,831,0.04211793,247,1777,2.232412,38.651024,4
account.50103fa21e624756a81f1d0f6a1a189e,Master_Chen-,395,6169,14,1283,0.010911925,189,2226,1.7541372,38.562744,4
account.60698e36f93443a5a851b20ee6c4e3d4,eNdlessLOve8WalL,396,6168,41,668,0.061377246,224,1173,1.8708134,36.317364,4
account.04f2c03609bd494c9427f923a5682d2f,DeSaNt_YouTube,397,6168,13,997,0.013039118,287,2304,2.3414633,46.621864,4
account.d438c6a1c081468daf17c8c944f4a6f4,Poly_Alloy,398,6168,125,936,0.13354701,68,617,0.76078916,14.193377,4
account.8a4a8537f09f495a9cc8d730c224aa31,Pastlous,399,6168,24,559,0.04293381,193,789,1.4747664,26.00179,4
account.fa1109947d04473e9ccd04cb5567448c,Kosmorico,400,6167,0,1410,0.0,127,1339,0.9496454,48.477306,4
account.3c2bbe94482647528222a79dd7dd580b,Ryckstar,401,6167,6,1004,0.005976096,107,830,0.8316633,34.109562,5
account.515890922ba84eaa8bc5b8e0cbfec014,H9736207,402,6167,47,706,0.06657224,220,1202,1.8239757,25.120396,5
account.ea81a429b6a34e129a36962e0454a392,tErMiNaToRDuAn,403,6167,7,798,0.00877193,53,304,0.38432363,24.2594,5
account.d17c2eae46f44f7098664aea03cde77f,Stalker1111,404,6166,5,782,0.006393862,166,989,1.2728443,32.567776,5
account.c1b290d709f54cd08de052506aa69a9c,Devil_Oldwhite,405,6165,33,751,0.043941412,327,1814,2.5264623,41.354195,5
account.1022286e80334a03a7b657e7ab2519b0,Mob_ZhiHui,406,6165,46,923,0.049837485,299,2413,2.7482915,41.93391,5
account.dfefa40c34774fc1973d63944c260e3d,KOSH-MAR,407,6164,6,658,0.009118541,126,667,1.0230061,24.037994,5
account.e9207b212e524569858dd97eb7adbd04,Cainkillme,408,6164,21,964,0.021784233,128,977,1.0360551,30.717842,5
account.763e16bc01f44776b9013923a1b64f8e,2019xiaohe888,409,6164,26,742,0.03504043,186,1112,1.5530726,32.588947,5
account.a885be4d56594bd4a22a080655c4399b,ccj-LuoYe,410,6164,175,887,0.19729425,579,4943,6.9326787,37.149944,5
account.bb599d013253410aa4e52a20a0fb4739,MihaelShuiMen,411,6163,11,752,0.01462766,133,739,0.9973009,30.19149,5
account.ea62f88fab9e45ef90485e50fd3f4563,IIIS_leiwang,412,6163,31,665,0.046616543,222,1173,1.8501577,29.442104,5
account.26690271c3084b4fa6eb748cf37f61a5,KofcoSpasitel,413,6163,10,645,0.015503876,165,858,1.3511811,29.669767,5
account.5223d543515e4b0987bb98a11ef2c64c,shitou151125,414,6163,31,586,0.052901022,198,850,1.5315316,24.887371,5
account.f82926796937435792475e18679c3999,colenooo,415,6163,10,927,0.010787486,133,883,0.9629226,32.18986,5
account.ade370c61344403185553c1fbcf96525,Maribacsi77,416,6162,13,664,0.019578313,162,708,1.0875576,32.781628,5
account.3f9b75485b43403ba065b7c5168edff1,TeoLu,417,6162,17,904,0.01880531,206,1486,1.6734234,35.05199,5
account.01fcc465390f4c5185ab026cf707b650,Sicario_Max,418,6162,7,1221,0.0057330057,107,1145,0.9431631,22.105652,5
account.bc22204bdb2740f28f23f3fcba902a22,BuHit,419,6162,36,699,0.051502146,211,1224,1.8461539,26.65093,5
account.c4cd6e3abc8545faa50e35c32b4c9728,Makyna,420,6162,10,658,0.015197569,201,919,1.4182099,29.860182,5
account.89e15e3c896d402b94c8cd1bdf6fd96c,RedWhite42rus,421,6162,42,503,0.08349901,225,954,2.0694144,21.117296,5
account.96a0dad223ca453a8faea450d7e17c73,GodofRazer_shot,422,6162,80,1078,0.0742115,178,1696,1.6993988,34.825603,5
account.909935bad1334fff8c022b8a1cd09928,Wxyzclublxc,423,6161,50,583,0.08576329,330,1508,2.8292682,26.58319,5
account.77cb74b86ede40f3b2917751818b29c1,FOREVERLMY,424,6161,67,722,0.092797786,405,2524,3.8417046,39.380886,5
account.61a14a6358394d16979d3b053c076a65,KORD9,425,6161,3,1371,0.0021881838,98,969,0.7083333,50.87746,5
account.0e9fa08cfd554318ac0a05068bbc036f,Tom_KaKa,426,6161,13,903,0.014396456,200,1288,1.447191,40.469547,5
account.b806b4540f934153936fc9ad6385de07,MIDO-N,427,6161,25,695,0.035971224,268,1377,2.055224,34.72518,5
account.3991696c7b6b4cf3aebabb3ae2742999,TK-37,428,6161,6,1108,0.0054151625,124,1084,0.98366606,40.865524,5
account.2463d83edcdc4b93959bcb6007b40079,Suckdik_6,429,6161,14,1068,0.013108614,138,1143,1.0844402,33.664795,5
account.d0ae48cf45dd40c08bb127f223d099ed,EGOR_2004_,430,6160,8,1022,0.007827789,147,1259,1.2416173,44.981407,5
account.1de3ae52f78d4b86ae582dbce2efa8bb,rejwolf,431,6160,16,784,0.020408163,85,521,0.67838544,26.38903,5
account.ba3549edcb03497bb1f49f78589e0184,MyHero-Leo1992,432,6160,64,523,0.122370936,305,1288,2.8,28.669216,5
account.82ecc33dafd441f8b22c5c5815ea1ec7,gkaehrns,433,6160,9,1181,0.0076206606,109,1097,0.93600684,35.245556,5
account.bc3d11fad08f4ec192eaddb5ecc62bac,SHAPE-Andy,434,6160,10,1001,0.00999001,63,439,0.44254032,26.3007,5
account.082ea5b7831948c99b359190537c7c0e,gouzhu000,435,6160,22,1373,0.016023306,193,2306,1.7056212,51.56009,5
account.e5087711bf7a427d8974c2e9ba34c45a,laishengwunai,436,6160,0,1320,0.0,33,295,0.22348484,39.11591,5
account.38e63409aa6f4121afdbe5853617740d,em2333333,437,6159,3,1052,0.0028517111,139,1029,0.9809342,41.11502,5
account.59f1796c5a044eafb36e5b47a94fcca5,SkY_gray,438,6159,6,628,0.00955414,256,1392,2.2379422,30.848726,5
account.44176e050b984a08b46c965f37fe3ce2,kungesk,439,6158,12,929,0.012917115,158,1016,1.1079607,39.831,5
account.453890356bd64bf1be1dea88d2766c2e,BLAKIRATOR,440,6158,39,868,0.044930875,302,2140,2.5814233,41.64977,5
account.1c70cfc2d96d4efea5b1afdf4c2a59a5,bizkit77,441,6158,17,748,0.022727273,246,1427,1.9521204,39.251335,5
account.d8a4cb6ceb724a4787ace8f59ca256c8,Bilibili-544869,442,6158,87,823,0.10571081,395,2843,3.8575306,31.221142,5
account.3d918373c0614694a011349e9607603d,FY666666666,443,6158,13,1018,0.012770138,183,1495,1.4875622,42.204323,5
account.2bbfa7a4bd124788a1849bbdd5934c99,NpcPPPPP,444,6158,3,939,0.0031948881,154,945,1.0096154,37.232162,5
account.b59c7871646c4fd9bcb2f7e2a5818dab,TQGeng,445,6158,5,1100,0.0045454544,73,603,0.5506849,32.395454,5
account.fcb31ed8425a453cac0e2f073d0081ea,FeiDong_FangZ,446,6157,35,543,0.06445672,261,1157,2.2686274,25.456722,5
account.5fe1673e5db845248e4c51bb5297dbe8,wupimiyang,447,6157,10,1758,0.005688282,110,1518,0.8684211,55.741184,5
account.a5c2f87a7712402bbf317139974f5683,z1360130,448,6157,29,814,0.035626534,121,676,0.8600509,26.394348,5
account.35f6fc08325045d4b90869e6ebbcd95d,sbcbri,449,6157,17,968,0.017561983,141,1086,1.1419559,38.170456,5
account.97f2d08351e6402bad1b288123b8e3f0,Ssdyh,450,6157,29,954,0.030398322,327,2508,2.6967742,43.81132,5
account.3f8ed6b05cf845119c094363f49bebcc,BillytheBlade,451,6157,13,597,0.021775544,169,722,1.2363014,23.76047,5
account.c6f31ff045db4a269f46fe33d028b922,bhj977857432,452,6156,11,1229,0.008950366,120,1141,0.9367816,45.432873,5
account.5a751291d1d14c3298686615cc9c0818,4AM-ShaLang,453,6156,19,894,0.021252796,234,1557,1.7773973,44.762863,5
account.9990fa1cd89348de964c2d85ff520abd,shinyousik0,454,6156,79,407,0.1941032,265,897,2.7181818,14.82801,5
account.f0c827a4d7394ad3a1ce4b81fff34536,we---Vibe,455,6156,131,442,0.2963801,461,1851,5.9326925,17.429865,5
account.d26706f38a654b7ea7cd4b0aa69204da,Alightorque,456,6155,40,821,0.04872107,269,1826,2.3320563,39.389767,5
account.eb64751ed85946cb91f4a85bc937616a,dagebudexu,457,6155,36,1483,0.024275118,216,2872,1.9847962,44.953472,5
account.f96af752d5d04b139881bb29e2ab9586,GyaAaY,458,6155,14,1850,0.0075675678,133,1752,0.95424837,54.135136,5
account.e1403e2d22f44a778178cf0e01c46a0c,sky9527668,459,6155,25,956,0.026150627,214,1640,1.7596567,39.867153,5
account.a14fa8043193448588380218702668ad,FengyiU15,460,6155,14,736,0.019021738,200,1174,1.6260388,33.773098,5
account.0d41b8d7b4014ebbbe0987924d3c2ab3,Unfeeling-xyy,461,6155,84,438,0.19178082,375,1332,3.7310925,18.486301,5
account.48994d960ecb41e8a6d5deb14b2c361b,vRoD,462,6155,0,889,0.0,32,199,0.22384702,23.547806,5
account.143e2afe8c6e4ca99142ab3f79374874,ZCYJXY,463,6155,18,606,0.02970297,183,838,1.4251701,28.315182,5
account.14503363052b4867b3e75fd412d55a9d,douyu56933,464,6154,47,874,0.053775743,368,2647,3.1930037,43.048054,5
account.3c6431f2495140d593351db3d5799e7e,FONGYIXIAN,465,6154,8,1005,0.007960199,104,796,0.79839516,36.618904,5
account.79f15e161bc247899c1b1dbbfe5d3c36,funkybunch187,466,6154,10,985,0.010152284,131,963,0.9876923,35.915737,5
account.1534ae500aab4e73b091b754efe788f1,KOF-yamazaki,467,6154,22,819,0.026862027,308,2122,2.6624844,42.78144,5
account.51a2812434054f988feb173e84aa24d7,Ozbjorn0815,468,6154,48,711,0.067510545,280,1633,2.4556391,35.527428,5
account.79727473750a458cbd6ed17482f6dc5c,LINGDU-MOCHEN,469,6154,7,996,0.0070281127,119,952,0.9625885,40.4749,5
account.7111dd9ea60145d192bf227b0978d576,Man1pula_,470,6154,12,1060,0.011320755,210,1557,1.485687,49.14151,5
account.e207cdbee0b24701921833a5fbd585b8,KSTV_jialibao,471,6154,53,781,0.06786171,387,2624,3.6043956,43.08963,5
account.bb8439769c1542479d2f6d1aaa6b3593,MonacoRoom,472,6153,20,723,0.027662518,311,1724,2.44539,40.23513,5
account.6649d73e8a5a42ed82f26ba54cd1d4aa,firehand_-,473,6153,71,440,0.16136363,488,1711,4.6368566,20.218182,5
account.bf728ec2caf14c94b18847e0e16ac88c,nawibom,474,6153,6,641,0.009360374,128,628,0.98897636,22.088924,5
account.0a8ef868f769456bbfd788294922c2e5,Sealordking,475,6153,0,1163,0.0,78,706,0.6070507,44.116077,5
account.89040fc79a584274ba7254fcdb303866,84kg180cm20cm,476,6153,16,1432,0.011173184,196,2273,1.605226,60.28701,5
account.60f2b6dffc454030998833323f249b3d,Sy-Smd,477,6152,9,1070,0.008411215,141,1011,0.95287466,40.13271,5
account.13c5fd8b116b4df7ba40ca94b8762692,chenpiepie3,478,6152,20,778,0.025706941,137,843,1.1121372,35.84062,5
account.e5fb015d16674e9ea055a12c980f7d1e,WWY1997_,479,6152,125,537,0.23277467,659,3130,7.5421686,37.685287,5
account.ffa42d481e144cc8980ca955c8947737,Tensoft,480,6152,8,722,0.011080332,144,795,1.1134454,33.919666,5
account.b090e6864e1c4e92989502f2de0eabf4,GomDol86,481,6152,5,1315,0.0038022813,178,1924,1.4687023,45.28517,5
account.24d8fb7c448648b9a3796d94890938dd,dahia-al-kahina,482,6152,0,1836,0.0,90,1270,0.69172114,55.657406,5
account.7096749d252f46279cdc3086c2818d79,VonoSolyara,483,6152,5,1076,0.00464684,132,1097,1.0242764,44.92658,5
account.6bdbc70fc8974856a20f53264efdfc86,19_SAMOSVAL_68,484,6152,6,925,0.0064864866,135,930,1.0119696,34.15243,5
account.080089bbaabd4bcbbe8f611dc62c5d9b,Vmanspeed,485,6151,76,866,0.087759815,334,2437,3.0770202,37.513855,5
account.77805e46155449d4b7676dc44e7990cb,B105,486,6151,5,862,0.005800464,65,463,0.54025674,27.477959,5
account.f3c68fea17784105b433d83d65e61ab9,Lstars-XINHU1,487,6151,31,739,0.04194858,296,1682,2.3757062,37.51556,5
account.b5b3a8c576b5426d985090ef1b0c4966,Anpo111,488,6151,40,559,0.07155635,179,786,1.5144509,27.568872,5
account.54d4d4f66ccc452ca39062593f39ba64,youqiubishang,489,6150,11,736,0.014945652,130,761,1.0467676,27.671196,5
account.58e351ef103c45a98808a84bd7fdc0de,LaoLi_CN_YN,490,6150,26,702,0.037037037,88,449,0.6642012,28.262108,5
account.66d7ad93285a40c5b2d7d3d7bfa435e4,ShawQing,491,6150,12,1054,0.0113852,218,1858,1.7831094,49.182163,5
account.9983e62ba031440494c22bebf95f1f51,KiilerJoe,492,6150,3,1111,0.00270027,127,1313,1.1850181,24.622862,5
account.161a768edd124e84aa2d460043fb8933,VegetaZY,493,6149,48,687,0.069869,174,956,1.4960877,19.644833,5
account.6814068f2db544c8a541071d3b317adf,5201314abcde,494,6149,3,673,0.004457652,172,788,1.1761194,26.94948,5
account.385c139950064c1dbd75c396260032db,lowercased,495,6149,9,988,0.009109312,142,964,0.98467827,35.022266,5
account.5ff1fd5dd9484974bff53998a1f3ac92,LINGLING600,496,6149,28,621,0.045088567,284,1416,2.379832,34.597424,5
account.a5442f2f452446b889971a05a373cd76,sese915,497,6149,11,1042,0.0105566215,129,958,0.9291949,38.112286,5
account.569f5d5300794913ace7433ee69057db,pohang-kor,498,6148,7,788,0.008883249,138,769,0.98463506,32.4467,5
account.cf3bddbc542046b78209cc0735a47cdc,cby-jer,499,6148,4,1112,0.0035971224,122,1078,0.9729242,39.651978,5
account.d69faa987cd6475ab29958d711d7ad08,QQlonve,500,6148,20,869,0.023014959,265,1730,2.0376914,45.92405,5
